"ID","Name","DOB","Gender","Address","No Of Albums Released","First Release Year","Created At","Updated At"
"3","hello","2025-02-05","m","kamal","123","1234","Fri Feb 07 16:39:11 NPT 2025",
"4","hello","2025-02-05","m","kamal","123","1234","Fri Feb 07 16:39:11 NPT 2025",
"5","hello","2025-02-05","m","kamal","123","1234","Fri Feb 07 16:39:11 NPT 2025",
"6","sg","2025-02-04","m",,"123","1234","Fri Feb 07 16:39:11 NPT 2025",
"7","test","2025-02-07","m","kamal","0","0","Fri Feb 07 16:39:11 NPT 2025",
"8","test","2025-02-08","m","kamal","0","0","Fri Feb 07 16:39:11 NPT 2025",
"9","test","2025-02-09","m","kamal","0","0","Fri Feb 07 16:39:11 NPT 2025",
"10","test","2025-02-10","m","kamal","0","0","Fri Feb 07 16:39:11 NPT 2025",
"11","test","2025-02-11","m","kamal","0","0","Fri Feb 07 16:39:11 NPT 2025",
